Type,Name,Request Count,Failure Count,Median Response Time,Average Response Time,Min Response Time,Max Response Time,Average Content Size,Requests/s,Failures/s,50%,66%,75%,80%,90%,95%,98%,99%,99.9%,99.99%,99.999%,100%
POST,/new_reading,3403,0,3,2.6551726422798905,1.7650127410888672,38.32817077636719,0.0,12.464528744550952,0.0,3,3,3,3,3,3,5,6,27,38,38,38
,Aggregated,3403,0,3,2.6551726422798905,1.7650127410888672,38.32817077636719,0.0,12.464528744550952,0.0,3,3,3,3,3,3,5,6,27,38,38,38
