Type,Name,Request Count,Failure Count,Median Response Time,Average Response Time,Min Response Time,Max Response Time,Average Content Size,Requests/s,Failures/s,50%,66%,75%,80%,90%,95%,98%,99%,99.9%,99.99%,99.999%,100%
POST,/new_reading,55879,0,2000.0,1720.4274160552761,1.6665458679199219,13123.944759368896,0.0,496.05119623692656,0.0,2000,2200,2300,2300,2500,2600,2800,4700,12000,12000,13000,13000
,Aggregated,55879,0,2000.0,1720.4274160552761,1.6665458679199219,13123.944759368896,0.0,496.05119623692656,0.0,2000,2200,2300,2300,2500,2600,2800,4700,12000,12000,13000,13000
