Type,Name,Request Count,Failure Count,Median Response Time,Average Response Time,Min Response Time,Max Response Time,Average Content Size,Requests/s,Failures/s,50%,66%,75%,80%,90%,95%,98%,99%,99.9%,99.99%,99.999%,100%
POST,/new_reading,14943,0,3,4.6888177975476735,1.6067028045654297,57.26313591003418,0.0,316.22114637172604,0.0,3,5,5,6,8,11,16,22,43,57,57,57
,Aggregated,14943,0,3,4.6888177975476735,1.6067028045654297,57.26313591003418,0.0,316.22114637172604,0.0,3,5,5,6,8,11,16,22,43,57,57,57
